area;acertos;min;max;media;ano
CH;0;300,0;300;300;2009
CH;1;300,1;337,3;313,25;2009
CH;2;300,2;365,1;321,79;2009
CH;3;300,4;390,8;327,97;2009
CH;4;300,8;406,7;336,94;2009
CH;5;301,1;429,4;346,5;2009
CH;6;301,7;439,5;357,34;2009
CH;7;301,9;461;369,21;2009
CH;8;302,6;474,7;382,39;2009
CH;9;304,2;488,6;396,26;2009
CH;10;309,3;500,1;411,01;2009
CH;11;312,5;519,1;427,01;2009
CH;12;315,4;528,5;443,56;2009
CH;13;307,6;544,6;460,43;2009
CH;14;330,6;558,9;477,66;2009
CH;15;323,1;569,6;494,76;2009
CH;16;360,1;583,1;511,09;2009
CH;17;369,0;592,6;526,77;2009
CH;18;358,6;603,9;541,46;2009
CH;19;426,7;612,3;555,19;2009
CH;20;443,9;629,1;567,93;2009
CH;21;477,8;630,7;580,08;2009
CH;22;489,2;642,3;591,42;2009
CH;23;534,8;649,6;602,4;2009
CH;24;541,4;658,8;613,09;2009
CH;25;552,8;668,6;623,32;2009
CH;26;556,8;681,8;633,47;2009
CH;27;583,0;689,7;643,39;2009
CH;28;592,3;695;653,36;2009
CH;29;606,6;709;663,24;2009
CH;30;619,7;714,9;673,31;2009
CH;31;629,0;727,3;683,18;2009
CH;32;640,8;732,8;693,46;2009
CH;33;652,6;745,5;704,15;2009
CH;34;651,5;762,9;715,07;2009
CH;35;675,3;768,4;726,5;2009
CH;36;685,9;785,4;738,4;2009
CH;37;706,3;794,8;750,92;2009
CH;38;716,3;811,1;763,96;2009
CH;39;730,9;822,3;778,39;2009
CH;40;738,7;833,9;793,29;2009
CH;41;766,6;844,2;810,05;2009
CH;42;787,4;855,6;828,19;2009
CH;43;805,0;864,9;849,98;2009
CH;44;845,9;876;867,34;2009
CH;45;887,0;887;887;2009
CN;0;263,3;263,3;263,3;2009
CN;1;263,3;311,5;276,04;2009
CN;2;263,3;350,9;287,65;2009
CN;3;263,3;376,5;300,09;2009
CN;4;263,4;401,6;313,06;2009
CN;5;263,5;423,2;326,84;2009
CN;6;263,8;442,4;341,59;2009
CN;7;263,7;468,2;357,82;2009
CN;8;264,5;487,1;373,99;2009
CN;9;265,5;505,2;391,05;2009
CN;10;266,9;519,2;408,56;2009
CN;11;269,7;537,2;426,55;2009
CN;12;270,3;552,5;444,75;2009
CN;13;275,9;565,7;463,09;2009
CN;14;275,7;580,5;481,21;2009
CN;15;293,6;594,7;499,45;2009
CN;16;302,8;615,2;517,2;2009
CN;17;308,3;625;534,77;2009
CN;18;323,7;635,9;551,98;2009
CN;19;370,2;654,1;568,52;2009
CN;20;386,9;663,6;584,66;2009
CN;21;372,8;674;600,15;2009
CN;22;455,8;693,4;615,49;2009
CN;23;465,1;698,9;630,36;2009
CN;24;522,9;711,7;644,93;2009
CN;25;522,9;730,2;659,27;2009
CN;26;544,7;736,4;672,8;2009
CN;27;584,8;749,2;686,24;2009
CN;28;613,0;768,9;698,95;2009
CN;29;634,0;773;710,94;2009
CN;30;652,2;779,2;723,03;2009
CN;31;658,0;793;734,75;2009
CN;32;678,6;812,4;746,01;2009
CN;33;699,3;816;757,36;2009
CN;34;714,1;819,9;768,08;2009
CN;35;728,5;831,2;779,51;2009
CN;36;736,8;841,9;791,31;2009
CN;37;756,5;851,9;802,2;2009
CN;38;758,1;864,3;813,71;2009
CN;39;771,4;873,3;826,73;2009
CN;40;786,9;879,4;839,82;2009
CN;41;806,1;888,5;852,1;2009
CN;42;806,1;897,1;864,29;2009
CN;43;835,7;903,2;880,08;2009
CN;44;852,9;903,2;892,15;2009
CN;45;903,2;903,2;903,2;2009
LC;0;224,3;224,3;224,3;2009
LC;1;224,3;265,3;236,12;2009
LC;2;224,5;295;249,02;2009
LC;3;225,0;314;260,52;2009
LC;4;225,5;334;273,79;2009
LC;5;225,4;359,9;286,52;2009
LC;6;227,3;377,8;301,05;2009
LC;7;229,0;391,2;314,62;2009
LC;8;228,9;403,8;329,34;2009
LC;9;234,0;422,1;344,34;2009
LC;10;236,7;435,2;360,05;2009
LC;11;236,0;449,1;375,7;2009
LC;12;236,5;463,4;391,49;2009
LC;13;254,2;475,9;407,39;2009
LC;14;257,6;490,7;422,96;2009
LC;15;266,7;499,5;438,42;2009
LC;16;307,1;510,6;453,49;2009
LC;17;319,3;557,8;467,88;2009
LC;18;345,2;529,8;481,93;2009
LC;19;371,4;544,6;495,57;2009
LC;20;392,4;552,2;508,64;2009
LC;21;419,7;564,1;521,27;2009
LC;22;424,7;577,6;533,68;2009
LC;23;466,2;584;545,75;2009
LC;24;476,9;598,3;557,59;2009
LC;25;501,6;611,1;569,18;2009
LC;26;498,3;620;580,68;2009
LC;27;540,9;631,7;592,05;2009
LC;28;538,2;647,7;603,28;2009
LC;29;564,4;667,7;614,6;2009
LC;30;576,7;662,9;625,79;2009
LC;31;588,3;681;637,08;2009
LC;32;600,5;693,2;648,43;2009
LC;33;620,6;702;660,13;2009
LC;34;630,9;713,9;671,99;2009
LC;35;645,1;727,2;684,14;2009
LC;36;658,8;740,3;697,03;2009
LC;37;671,8;751,4;710,51;2009
LC;38;686,5;764;724,72;2009
LC;39;698,5;778,9;739,65;2009
LC;40;718,0;793,5;755,93;2009
LC;41;737,0;807,1;774,42;2009
LC;42;761,9;821,1;793,49;2009
LC;43;794,3;832,2;814,27;2009
LC;44;835,6;835,6;835,6;2009
MT;0;345,9;345,9;345,9;2009
MT;1;345,9;404,5;362,86;2009
MT;2;345,9;450,5;367,94;2009
MT;3;345,9;483,4;378,13;2009
MT;4;345,9;514,1;387,28;2009
MT;5;345,9;540,9;398,17;2009
MT;6;345,9;567,1;410,18;2009
MT;7;346,0;593;423,16;2009
MT;8;346,0;614,3;435,52;2009
MT;9;346,6;641;450,63;2009
MT;10;347,1;655,1;466,08;2009
MT;11;346,6;671,4;483,67;2009
MT;12;348,0;682,8;502,62;2009
MT;13;347,6;698,7;523,79;2009
MT;14;349,8;702,8;547,61;2009
MT;15;349,6;718,9;574,29;2009
MT;16;355,2;732,7;602,15;2009
MT;17;355,8;743,5;630,43;2009
MT;18;359,2;753,8;656,85;2009
MT;19;382,3;769,7;681,63;2009
MT;20;385,6;773,2;702,07;2009
MT;21;448,8;781,6;719,25;2009
MT;22;486,5;794,7;734,5;2009
MT;23;536,2;802,1;747,45;2009
MT;24;525,0;808,4;759,62;2009
MT;25;690,1;818,1;770,66;2009
MT;26;694,0;823,4;780,89;2009
MT;27;685,9;829;790,52;2009
MT;28;737,3;842,2;799,76;2009
MT;29;753,1;847,2;808,6;2009
MT;30;758,3;859,6;817,8;2009
MT;31;775,8;865,2;826,72;2009
MT;32;796,5;870,4;835,88;2009
MT;33;805,6;880,5;845,31;2009
MT;34;804,6;893,4;855,34;2009
MT;35;817,7;906,7;863,57;2009
MT;36;826,5;910,5;875,17;2009
MT;37;845,8;931,3;884,36;2009
MT;38;859,4;940,3;896,4;2009
MT;39;850,5;959,5;906,98;2009
MT;40;882,9;963,6;923;2009
MT;41;908,3;974,5;938,54;2009
MT;42;912,1;972;943,47;2009
MT;43;945,0;983,2;968,25;2009
MT;44;979,7;985,1;982,4;2009
CH;0;341,2;341,2;341,2;2015
CH;1;341,2;388,1;347,51;2015
CH;2;341,3;417,3;355,78;2015
CH;3;341,4;431,9;363,94;2015
CH;4;341,8;457,7;373,67;2015
CH;5;341,9;470,4;383,89;2015
CH;6;342,3;484,6;394,55;2015
CH;7;343,1;501,7;406,68;2015
CH;8;343,7;517,2;419,38;2015
CH;9;343,9;525,1;433,19;2015
CH;10;349,0;540,8;447,85;2015
CH;11;351,3;548,8;462,93;2015
CH;12;350,0;555,6;478,42;2015
CH;13;350,8;565;493,72;2015
CH;14;352,3;575,4;508,92;2015
CH;15;360,8;586,7;523,21;2015
CH;16;371,9;594,7;536,63;2015
CH;17;377,6;599,4;549,18;2015
CH;18;394,2;608;560,58;2015
CH;19;424,2;616,7;571,12;2015
CH;20;454,6;627,2;580,68;2015
CH;21;492,7;628,9;589,51;2015
CH;22;500,7;641,6;597,71;2015
CH;23;529,8;643,6;605,41;2015
CH;24;551,1;652,5;612,69;2015
CH;25;562,4;658,2;619,74;2015
CH;26;581,5;662;626,58;2015
CH;27;589,3;670,4;633,4;2015
CH;28;598,5;677;640,1;2015
CH;29;606,3;682,3;646,88;2015
CH;30;613,8;689,6;653,73;2015
CH;31;616,8;695,2;660,65;2015
CH;32;630,5;701,9;667,89;2015
CH;33;636,8;709,5;675,39;2015
CH;34;643,8;717,2;683,15;2015
CH;35;645,9;722,9;691,42;2015
CH;36;660,4;732,3;700,02;2015
CH;37;668,2;743,3;709,62;2015
CH;38;683,2;750,7;719,98;2015
CH;39;687,6;762;731,11;2015
CH;40;702,7;777,5;743,9;2015
CH;41;713,5;793,6;758,16;2015
CH;42;738,2;808,4;774,89;2015
CH;43;758,7;823,3;794,33;2015
CH;44;788,5;837,4;821,25;2015
CH;45;850,6;850,6;850,6;2015
CN;0;336,5;336,5;336,5;2015
CN;1;336,5;380,3;346,34;2015
CN;2;336,5;415,9;354,51;2015
CN;3;336,5;436,3;363,42;2015
CN;4;336,8;454;373,37;2015
CN;5;336,7;469,8;383,81;2015
CN;6;337,5;485,4;394,95;2015
CN;7;337,9;500;406,55;2015
CN;8;338,9;517,9;419,21;2015
CN;9;339,3;532,8;432,69;2015
CN;10;340,2;545,7;447,07;2015
CN;11;341,0;558,3;462,55;2015
CN;12;344,0;573,6;478,57;2015
CN;13;349,6;581,5;495,32;2015
CN;14;351,1;597,4;512,27;2015
CN;15;356,5;608,1;528,92;2015
CN;16;372,1;620,6;545,13;2015
CN;17;390,5;628,8;560,64;2015
CN;18;420,4;639,4;575,2;2015
CN;19;427,4;646,4;588,39;2015
CN;20;450,4;653,4;600,61;2015
CN;21;516,7;662;612,01;2015
CN;22;541,4;665,3;622,44;2015
CN;23;547,5;676,7;632,06;2015
CN;24;572,0;678,1;641,13;2015
CN;25;595,0;686,6;649,68;2015
CN;26;602,1;695,3;657,72;2015
CN;27;618,3;702,2;665,78;2015
CN;28;623,8;706,9;673,65;2015
CN;29;639,0;723;681,25;2015
CN;30;644,8;727,1;689,13;2015
CN;31;657,3;736,4;696,79;2015
CN;32;663,3;752,5;704,83;2015
CN;33;676,6;758,1;712,93;2015
CN;34;673,5;768,9;721,43;2015
CN;35;689,8;771,6;729,81;2015
CN;36;699,8;782,9;739,21;2015
CN;37;712,4;792,8;749,61;2015
CN;38;723,5;798,6;759,63;2015
CN;39;732,4;830,5;771,86;2015
CN;40;733,4;839,2;783,46;2015
CN;41;755,4;853,8;797,1;2015
CN;42;777,8;861,3;814,52;2015
CN;43;789,7;868,8;833,34;2015
CN;44;830,4;875;857,25;2015
CN;45;875,2;875,2;875,2;2015
LC;0;303,3;305,2;304,24;2015
LC;1;303,3;338,1;310,15;2015
LC;2;303,3;362,1;317,45;2015
LC;3;303,3;382,7;326,52;2015
LC;4;303,6;401,2;335,94;2015
LC;5;304,1;421,4;345,77;2015
LC;6;304,5;438,3;356,57;2015
LC;7;305,0;448,1;368,68;2015
LC;8;305,8;462,3;381,57;2015
LC;9;308,0;471,9;395,16;2015
LC;10;308,0;481,5;409,45;2015
LC;11;312,2;495;423,94;2015
LC;12;315,6;505,1;438,3;2015
LC;13;316,5;514;452,18;2015
LC;14;320,9;521,2;465,44;2015
LC;15;327,3;531,3;477,95;2015
LC;16;336,8;543,3;489,66;2015
LC;17;355,7;551,1;500,57;2015
LC;18;350,0;559,9;510,77;2015
LC;19;367,5;567,6;520,41;2015
LC;20;421,6;574,5;529,54;2015
LC;21;448,3;582;538,25;2015
LC;22;472,8;589,4;546,67;2015
LC;23;478,3;594;554,72;2015
LC;24;500,7;601,7;562,6;2015
LC;25;503,0;609,9;570,25;2015
LC;26;516,9;618,2;577,97;2015
LC;27;525,9;626,6;585,65;2015
LC;28;539,3;632,8;593,38;2015
LC;29;546,7;642,1;601,38;2015
LC;30;548,7;647,9;609,6;2015
LC;31;558,5;656,5;618,2;2015
LC;32;567,8;664,5;627,21;2015
LC;33;576,2;671,2;636,64;2015
LC;34;577,5;680,2;646,81;2015
LC;35;592,3;689,1;657,56;2015
LC;36;600,7;703,5;669,15;2015
LC;37;614,6;713,5;682,12;2015
LC;38;628,3;728,4;695,99;2015
LC;39;644,3;744,9;711,66;2015
LC;40;665,1;768,4;729,14;2015
LC;41;701,7;781,9;747,65;2015
LC;42;712,6;810,7;768,07;2015
LC;43;769,2;825,8;794,96;2015
LC;44;822,3;822,3;822,3;2015
MT;0;311,6;311,6;311,6;2015
MT;1;311,6;353,4;322,02;2015
MT;2;311,6;397,2;329,62;2015
MT;3;311,6;428,4;338,14;2015
MT;4;311,8;457,2;347,76;2015
MT;5;312,1;479,1;358,35;2015
MT;6;312,3;501,4;369,93;2015
MT;7;312,6;523,8;382,43;2015
MT;8;313,2;543,7;395,88;2015
MT;9;313,1;574;410,15;2015
MT;10;314,8;596,6;426,67;2015
MT;11;315,3;615,3;445,21;2015
MT;12;318,0;803,7;465,47;2015
MT;13;319,6;643,8;488,21;2015
MT;14;322,2;658,9;513,34;2015
MT;15;326,4;668,6;540,25;2015
MT;16;330,9;687,7;567,56;2015
MT;17;332,7;695;594,2;2015
MT;18;341,1;706,2;619;2015
MT;19;360,3;724,1;641,02;2015
MT;20;358,2;731,9;660,59;2015
MT;21;430,0;745,3;678,23;2015
MT;22;483,7;756,2;694,29;2015
MT;23;533,2;765;709,44;2015
MT;24;587,6;783,1;723,65;2015
MT;25;634,8;793,9;737,57;2015
MT;26;643,7;800,4;750,98;2015
MT;27;676,4;816,3;764,12;2015
MT;28;684,8;825,3;776,98;2015
MT;29;705,0;838,7;790,03;2015
MT;30;712,6;845,8;802,71;2015
MT;31;735,6;862,8;815,67;2015
MT;32;742,4;877,4;828,87;2015
MT;33;776,1;888,1;842,87;2015
MT;34;771,3;909,2;857,2;2015
MT;35;805,6;926,3;873,01;2015
MT;36;813,6;940,4;888,58;2015
MT;37;825,7;957,1;905,7;2015
MT;38;822,7;972,7;924,49;2015
MT;39;870,6;982,7;943,42;2015
MT;40;905,9;992,7;960,79;2015
MT;41;927,1;1000,7;977,25;2015
MT;42;960,3;1004;990,01;2015
MT;43;981,4;1006,2;998,39;2015
MT;44;996,3;1007,7;1004,14;2015
MT;45;1008,3;1008,3;1008,3;2015
CH;0;319,9;319,9;319,9;2016
CH;1;319,9;361;327,97;2016
CH;2;320,0;394,6;338,09;2016
CH;3;320,0;418,8;346,62;2016
CH;4;320,5;441,8;356,74;2016
CH;5;320,6;454,1;368;2016
CH;6;321,8;471,9;379,75;2016
CH;7;321,6;485,4;392,4;2016
CH;8;323,1;500,5;405,84;2016
CH;9;323,0;523,7;420,16;2016
CH;10;326,7;529,1;434,99;2016
CH;11;329,3;545,4;450,2;2016
CH;12;332,7;561,8;465,48;2016
CH;13;338,0;568,9;480,65;2016
CH;14;345,6;584,5;495,53;2016
CH;15;350,6;588,4;509,74;2016
CH;16;363,9;603,7;523,21;2016
CH;17;380,8;605,2;536,01;2016
CH;18;394,7;616,9;548,03;2016
CH;19;394,3;627,7;559,32;2016
CH;20;432,8;629,5;569,89;2016
CH;21;459,1;637,7;579,81;2016
CH;22;475,1;643,5;589,45;2016
CH;23;499,5;652,3;598,5;2016
CH;24;517,4;666,4;607,51;2016
CH;25;533,1;672,9;616,15;2016
CH;26;546,7;681,1;624,88;2016
CH;27;566,4;686,8;633,45;2016
CH;28;574,8;692,5;642,11;2016
CH;29;580,8;699,2;650,94;2016
CH;30;592,0;711,1;659,89;2016
CH;31;595,6;720;669,17;2016
CH;32;623,4;730,3;678,6;2016
CH;33;629,6;737,2;687,95;2016
CH;34;642,7;746,5;697,96;2016
CH;35;651,9;752,7;708,24;2016
CH;36;667,9;766;718,76;2016
CH;37;676,8;784,9;729,67;2016
CH;38;689,7;789,1;741,22;2016
CH;39;704,8;806,4;753,77;2016
CH;40;716,0;819,5;767,28;2016
CH;41;727,0;829,5;782,11;2016
CH;42;748,6;841,9;799,07;2016
CH;43;774,0;850,6;818,43;2016
CH;44;793,0;859,1;834,33;2016
CH;45;859,1;859,1;859,1;2016
CN;0;361,2;361,2;361,2;2016
CN;1;361,2;400,1;367,89;2016
CN;2;361,2;423,2;374,26;2016
CN;3;361,3;446,5;380,59;2016
CN;4;361,4;467,4;387,86;2016
CN;5;361,5;494,8;395,66;2016
CN;6;361,7;514;404,54;2016
CN;7;362,3;532,6;414,19;2016
CN;8;362,8;546,4;425,01;2016
CN;9;364,0;560,3;437,01;2016
CN;10;365,4;574,3;450,51;2016
CN;11;367,5;580,4;465,5;2016
CN;12;369,4;588,1;481,98;2016
CN;13;369,5;597,1;499,71;2016
CN;14;370,8;604,3;518,08;2016
CN;15;379,0;614,3;536,35;2016
CN;16;385,8;618,8;553,98;2016
CN;17;395,7;629;569,79;2016
CN;18;405,2;634,2;584,01;2016
CN;19;432,2;640,1;596,47;2016
CN;20;476,2;647,3;607,41;2016
CN;21;464,4;652,6;617,04;2016
CN;22;520,7;657,2;626,04;2016
CN;23;550,5;665,1;634,31;2016
CN;24;575,3;673,2;642,53;2016
CN;25;599,4;680,4;650,26;2016
CN;26;611,4;685,5;657,9;2016
CN;27;614,7;694,6;665,5;2016
CN;28;628,7;698,8;673,01;2016
CN;29;644,3;705,3;680,59;2016
CN;30;646,2;716,1;688,34;2016
CN;31;665,6;719,1;696,1;2016
CN;32;666,5;727,8;703,48;2016
CN;33;683,0;733,3;711,52;2016
CN;34;688,1;742,8;719,63;2016
CN;35;698,9;754;727,86;2016
CN;36;709,5;759,2;736,32;2016
CN;37;712,6;769,4;745,29;2016
CN;38;723,7;780,4;754,9;2016
CN;39;739,8;790,4;764,98;2016
CN;40;753,2;799,8;775,66;2016
CN;41;762,8;817,5;788,63;2016
CN;42;781,4;837,6;803,08;2016
CN;43;801,7;853;821,21;2016
CN;44;820,6;862,4;843,4;2016
CN;45;871,3;871,3;871,3;2016
LC;0;340,8;342,7;341,65;2016
LC;1;340,8;387,1;349,44;2016
LC;2;340,9;410,6;357,65;2016
LC;3;341,0;429,5;368,3;2016
LC;4;341,0;450,3;378,78;2016
LC;5;341,9;470;390,51;2016
LC;6;342,7;481,9;403,17;2016
LC;7;343,5;497,3;416,99;2016
LC;8;345,6;508,5;431,37;2016
LC;9;346,3;519,5;446,66;2016
LC;10;348,2;529;462,05;2016
LC;11;351,9;538,5;477,46;2016
LC;12;358,3;549;492,31;2016
LC;13;363,7;560,3;506,34;2016
LC;14;369,9;572,5;519,46;2016
LC;15;370,6;582,1;531,56;2016
LC;16;390,0;589,4;542,64;2016
LC;17;408,6;602,5;552,89;2016
LC;18;434,0;606,1;562,22;2016
LC;19;451,6;617,3;571,1;2016
LC;20;482,8;620,4;579,38;2016
LC;21;516,8;628,1;587,37;2016
LC;22;524,2;635,7;594,93;2016
LC;23;544,4;640,6;602,34;2016
LC;24;547,6;648,6;609,52;2016
LC;25;539,5;655,3;616,68;2016
LC;26;575,7;661,7;623,68;2016
LC;27;580,4;667,3;630,68;2016
LC;28;587,4;676,6;637,88;2016
LC;29;596,1;683,6;645,03;2016
LC;30;604,9;692,8;652,5;2016
LC;31;611,4;696,6;660,19;2016
LC;32;619,2;708;668,14;2016
LC;33;630,8;715,7;676,55;2016
LC;34;635,3;725;685,64;2016
LC;35;647,8;733,3;694,92;2016
LC;36;658,8;740,5;705,27;2016
LC;37;670,5;753;715,6;2016
LC;38;683,1;774,1;728,81;2016
LC;39;693,3;780,9;741,69;2016
LC;40;717,3;789,8;754;2016
LC;41;736,0;802,6;758,56;2016
LC;42;755,3;777,6;766;2016
LC;43;746,0;795,1;764,67;2016
MT;0;331,3;331,3;331,3;2016
MT;1;331,3;365;342,49;2016
MT;2;331,4;396,1;348,82;2016
MT;3;331,6;427,8;357,58;2016
MT;4;331,9;461,9;367,6;2016
MT;5;332,1;492,7;378,48;2016
MT;6;332,9;528,3;390,59;2016
MT;7;333,3;557,2;403,89;2016
MT;8;334,3;574,4;418,71;2016
MT;9;334,7;587,9;435,16;2016
MT;10;337,8;598,4;453,39;2016
MT;11;340,3;612,7;473,55;2016
MT;12;344,7;628;495,23;2016
MT;13;346,5;639;518,6;2016
MT;14;353,9;652;542,64;2016
MT;15;353,9;663,5;567,4;2016
MT;16;361,6;676,8;591,22;2016
MT;17;374,0;685,7;613,27;2016
MT;18;393,5;701,2;633,64;2016
MT;19;404,5;709,7;651,43;2016
MT;20;434,2;723,8;667,49;2016
MT;21;472,8;731,2;681,98;2016
MT;22;557,8;739,7;695,53;2016
MT;23;548,6;753;708,35;2016
MT;24;632,5;762,8;720,65;2016
MT;25;645,4;770,1;732,42;2016
MT;26;646,8;782,3;743,99;2016
MT;27;687,1;793,3;755,35;2016
MT;28;701,5;800,2;766,67;2016
MT;29;717,5;812,3;777,97;2016
MT;30;723,8;826,3;789,13;2016
MT;31;745,0;833,9;800,25;2016
MT;32;752,4;842,3;811,5;2016
MT;33;770,5;858,1;823,2;2016
MT;34;782,7;868,2;835,38;2016
MT;35;792,9;879,2;847,4;2016
MT;36;813,6;892,8;860,86;2016
MT;37;828,0;907,1;874,85;2016
MT;38;846,4;920;889,12;2016
MT;39;862,0;934,9;904,82;2016
MT;40;866,0;951,3;921,2;2016
MT;41;887,2;964,9;937,79;2016
MT;42;919,9;976,7;954,63;2016
MT;43;945,8;985,3;969,22;2016
MT;44;966,1;990,5;981,51;2016
MT;45;991,5;991,5;991,5;2016
CH;0;334,7;334,7;334,7;2017
CH;1;334,7;376,1;343,9;2017
CH;2;334,7;409;352,53;2017
CH;3;334,7;434,6;361,8;2017
CH;4;334,8;444,6;371,47;2017
CH;5;335,1;462,3;382,05;2017
CH;6;335,9;479,1;393,72;2017
CH;7;336,3;492,5;405,92;2017
CH;8;336,9;508,5;419,37;2017
CH;9;338,2;523,6;433,92;2017
CH;10;340,7;536,4;449,13;2017
CH;11;342,6;553,8;465,5;2017
CH;12;348,0;568,3;482,42;2017
CH;13;357,2;574,8;499,04;2017
CH;14;364,5;600,6;515,1;2017
CH;15;379,7;594,5;530,01;2017
CH;16;394,2;601,9;543,43;2017
CH;17;412,3;609,7;555,32;2017
CH;18;443,7;616,6;565,99;2017
CH;19;473,0;627,8;575,65;2017
CH;20;498,6;631,7;584,6;2017
CH;21;517,0;637,3;592,85;2017
CH;22;530,1;644,6;600,85;2017
CH;23;540,1;652,2;608,6;2017
CH;24;553,2;662,1;616,25;2017
CH;25;555,0;665,8;623,8;2017
CH;26;573,9;678,3;631,49;2017
CH;27;580,5;683;639,27;2017
CH;28;591,8;690,4;647,22;2017
CH;29;596,1;699,4;655,3;2017
CH;30;609,3;710,6;663,6;2017
CH;31;606,1;716,9;672,43;2017
CH;32;624,7;726;681,33;2017
CH;33;634,4;736,3;690,9;2017
CH;34;642,4;752,9;700,89;2017
CH;35;656,2;763,8;711,48;2017
CH;36;661,8;776,1;722,89;2017
CH;37;660,9;788,6;734,92;2017
CH;38;688,5;800,6;748,25;2017
CH;39;696,5;808,8;761,81;2017
CH;40;714,1;827;776,04;2017
CH;41;725,6;845,2;790,35;2017
CH;42;762,4;848;809,63;2017
CH;43;800,5;868,3;830,58;2017
CH;44;834,3;868,3;849,1;2017
CN;0;375,1;375,1;375,1;2017
CN;1;375,1;429,4;383,34;2017
CN;2;375,1;465,7;389,91;2017
CN;3;375,2;481,9;398,5;2017
CN;4;375,3;503,9;407,22;2017
CN;5;375,4;517,2;416,48;2017
CN;6;375,5;531,3;426,8;2017
CN;7;376,1;548,1;437,67;2017
CN;8;376,1;572,3;450,01;2017
CN;9;376,6;733,2;463,51;2017
CN;10;377,1;591,9;478,37;2017
CN;11;378,2;602,3;494,36;2017
CN;12;381,5;612,9;511,09;2017
CN;13;384,7;622,4;528,46;2017
CN;14;384,8;624,9;545,95;2017
CN;15;393,8;634,3;562,46;2017
CN;16;394,9;640,1;577,87;2017
CN;17;403,2;647,1;591,56;2017
CN;18;422,3;652;603,93;2017
CN;19;451,4;659,4;614,68;2017
CN;20;466,6;663,9;624,45;2017
CN;21;476,9;672,4;633,39;2017
CN;22;526,8;678,8;641,49;2017
CN;23;567,9;685,3;649,33;2017
CN;24;575,8;692,3;656,98;2017
CN;25;610,8;700,1;664,32;2017
CN;26;619,5;705,1;671,53;2017
CN;27;618,5;715,2;678,82;2017
CN;28;634,2;719,7;685,85;2017
CN;29;645,6;726,8;693,08;2017
CN;30;655,6;736;700,57;2017
CN;31;671,5;739,5;707,74;2017
CN;32;678,9;743,2;715,52;2017
CN;33;676,0;755,3;722,8;2017
CN;34;693,5;768,6;731,21;2017
CN;35;702,5;772,1;739,27;2017
CN;36;712,0;780,6;747,93;2017
CN;37;719,1;796,3;756,96;2017
CN;38;734,6;796,2;766,19;2017
CN;39;738,9;806,3;776,35;2017
CN;40;762,2;816,2;787,39;2017
CN;41;773,4;829,5;802,18;2017
CN;42;778,1;852,1;817,9;2017
CN;43;813,0;853;837,87;2017
CN;44;839,7;868,3;851,39;2017
CN;45;885,6;885,6;885,6;2017
LC;0;299,6;301,5;300,37;2017
LC;1;299,6;337;307,11;2017
LC;2;299,6;372,1;319,59;2017
LC;3;300,0;399,9;330,98;2017
LC;4;300,0;422,2;343,17;2017
LC;5;300,3;434,2;355,28;2017
LC;6;300,6;450,3;368,02;2017
LC;7;302,3;461,1;381,69;2017
LC;8;303,2;473,6;395,56;2017
LC;9;302,2;480,4;409,65;2017
LC;10;306,3;487,7;423,76;2017
LC;11;307,4;494;437,26;2017
LC;12;311,6;502,2;450,29;2017
LC;13;316,6;509,9;462,69;2017
LC;14;321,7;517;474,33;2017
LC;15;326,4;664,8;485,17;2017
LC;16;340,4;535,5;495,36;2017
LC;17;336,2;543,9;505;2017
LC;18;347,0;552,3;514,09;2017
LC;19;415,2;562;522,75;2017
LC;20;424,3;566,8;530,89;2017
LC;21;459,7;574,4;538,69;2017
LC;22;474,9;579,5;546,21;2017
LC;23;486,4;587;553,4;2017
LC;24;508,0;594;560,47;2017
LC;25;525,8;600,6;567,37;2017
LC;26;525,5;608;574,24;2017
LC;27;536,4;613,8;581,08;2017
LC;28;549,1;619,9;587,92;2017
LC;29;554,3;625,5;594,87;2017
LC;30;559,7;633,3;601,94;2017
LC;31;569,9;643,3;609,12;2017
LC;32;575,7;648,5;616,51;2017
LC;33;584,9;661,2;624,21;2017
LC;34;589,6;666,1;632,26;2017
LC;35;598,4;672,9;640,58;2017
LC;36;603,9;687,1;649,27;2017
LC;37;615,2;697,4;658,68;2017
LC;38;624,1;710,4;669,08;2017
LC;39;637,6;719,7;679,92;2017
LC;40;648,5;736,6;692,53;2017
LC;41;658,2;753,5;706,39;2017
LC;42;685,4;768,3;722,32;2017
LC;43;714,8;779,3;750,71;2017
LC;44;741,4;788,8;769,7;2017
MT;0;350,1;350,1;350,1;2017
MT;1;350,1;395,7;358,62;2017
MT;2;350,1;440,9;365,98;2017
MT;3;350,1;465,5;375,28;2017
MT;4;350,3;493,6;385,11;2017
MT;5;350,8;515,7;396,45;2017
MT;6;351,0;543,9;408,85;2017
MT;7;352,1;570;423,04;2017
MT;8;352,1;585,3;438,63;2017
MT;9;353,9;602,7;456,26;2017
MT;10;354,9;619,9;475,84;2017
MT;11;358,5;634,5;497,18;2017
MT;12;361,3;655;520,48;2017
MT;13;361,8;671,7;544,77;2017
MT;14;367,8;689,7;569,68;2017
MT;15;375,7;706,3;594,61;2017
MT;16;373,5;724,5;618,54;2017
MT;17;391,1;729,8;641,05;2017
MT;18;403,3;740,8;661,91;2017
MT;19;407,5;753;680,3;2017
MT;20;476,8;758,7;697,12;2017
MT;21;531,6;768,1;712,05;2017
MT;22;588,3;781,4;726,04;2017
MT;23;574,8;790,5;738,87;2017
MT;24;665,5;800,5;750,95;2017
MT;25;679,3;808,9;762,91;2017
MT;26;679,5;823,7;774,44;2017
MT;27;708,6;837,7;785,51;2017
MT;28;719,7;846,2;797,29;2017
MT;29;740,2;857,4;808,53;2017
MT;30;754,6;867,2;820,06;2017
MT;31;764,0;877,5;831,4;2017
MT;32;781,7;885,1;842,49;2017
MT;33;797,8;899,1;853,94;2017
MT;34;812,6;911,7;865,73;2017
MT;35;816,3;920,6;877,19;2017
MT;36;837,5;935,3;889,17;2017
MT;37;847,5;944,8;900,99;2017
MT;38;856,7;955,8;914,73;2017
MT;39;866,8;964,1;927,72;2017
MT;40;875,7;977,6;940,95;2017
MT;41;889,8;983,2;953,14;2017
MT;42;921,9;989;967,37;2017
MT;43;950,7;992,8;977,75;2017
MT;44;937,1;993,9;985,79;2017
MT;45;993,9;993,9;993,9;2017
CH;0;394,5;394,5;394,5;2018
CH;1;394,5;437,2;400,36;2018
CH;2;394,5;468,3;406,87;2018
CH;3;394,5;494,2;414,76;2018
CH;4;394,7;516,3;422,8;2018
CH;5;395,0;535,7;432,51;2018
CH;6;394,9;553,6;443;2018
CH;7;396,1;562,2;455;2018
CH;8;397,4;573,8;468,69;2018
CH;9;398,1;585,2;483,46;2018
CH;10;400,1;596,6;500,4;2018
CH;11;400,8;600,7;518,25;2018
CH;12;402,1;608,2;536,46;2018
CH;13;405,5;616,1;554,2;2018
CH;14;408,0;621,3;570,16;2018
CH;15;410,7;626,1;584,02;2018
CH;16;424,9;633;595,68;2018
CH;17;427,6;640,7;605,33;2018
CH;18;459,6;648,8;613,35;2018
CH;19;506,7;649;620,34;2018
CH;20;520,6;656,6;626,64;2018
CH;21;568,1;660,4;632,42;2018
CH;22;589,7;666,3;638,01;2018
CH;23;589,6;668,7;643,31;2018
CH;24;611,7;674,5;648,4;2018
CH;25;623,8;678;653,42;2018
CH;26;624,9;681,4;658,43;2018
CH;27;628,3;688,3;663,54;2018
CH;28;640,1;692,1;668,58;2018
CH;29;642,1;696,2;673,65;2018
CH;30;644,6;702,7;678,78;2018
CH;31;652,3;706,9;684,15;2018
CH;32;658,6;714,7;689,71;2018
CH;33;661,8;720,5;695,71;2018
CH;34;665,5;727,9;701,81;2018
CH;35;670,0;735,8;708,23;2018
CH;36;680,0;741,8;715,18;2018
CH;37;690,2;749,7;722,76;2018
CH;38;699,4;756,7;731,11;2018
CH;39;708,6;770,2;740,55;2018
CH;40;718,5;780,2;750,66;2018
CH;41;726,2;793,3;762,97;2018
CH;42;741,0;808,8;777,46;2018
CH;43;759,8;825,6;795,55;2018
CH;44;787,8;840,9;819,03;2018
CH;45;850,4;850,4;850,4;2018
CN;0;362,5;362,5;362,5;2018
CN;1;362,5;392,1;368,82;2018
CN;2;362,5;416,2;375,23;2018
CN;3;362,5;441,6;382,5;2018
CN;4;362,6;464,6;390,97;2018
CN;5;362,8;484,3;400,12;2018
CN;6;363,2;501,2;410,32;2018
CN;7;363,7;518,2;421,81;2018
CN;8;365,2;533;434,63;2018
CN;9;364,7;547,4;448,88;2018
CN;10;366,6;561,3;464,48;2018
CN;11;369,2;571,4;481,56;2018
CN;12;369,3;585,5;499,57;2018
CN;13;374,5;599,5;518,19;2018
CN;14;383,6;607,4;536,44;2018
CN;15;397,6;621,8;554,22;2018
CN;16;407,5;631,4;570,42;2018
CN;17;417,3;642;584,96;2018
CN;18;440,0;653;598,03;2018
CN;19;459,9;654,2;609,45;2018
CN;20;509,0;662,1;619,86;2018
CN;21;548,6;671,1;629,2;2018
CN;22;569,0;677;637,9;2018
CN;23;592,0;679,4;646,06;2018
CN;24;605,6;686,8;653,79;2018
CN;25;616,7;691,6;661,15;2018
CN;26;618,1;697,5;668,3;2018
CN;27;632,3;704,1;675,22;2018
CN;28;638,4;709,5;682,2;2018
CN;29;647,7;716,6;689,17;2018
CN;30;659,9;724,9;696,3;2018
CN;31;664,2;731,5;703,17;2018
CN;32;670,5;737,8;710,81;2018
CN;33;680,5;750;718,24;2018
CN;34;686,3;757,5;726,33;2018
CN;35;692,3;764,5;734,11;2018
CN;36;706,5;771,1;742,9;2018
CN;37;712,3;782;752,43;2018
CN;38;724,9;792,5;761,88;2018
CN;39;733,5;804,6;772,71;2018
CN;40;730,4;814,2;786,36;2018
CN;41;746,4;830,4;798,82;2018
CN;42;762,1;848,1;817,59;2018
CN;43;773,5;869,6;838,73;2018
CN;44;838,3;869,6;863,99;2018
LC;0;318,8;330,7;321,9;2018
LC;1;318,8;369,3;331,37;2018
LC;2;318,8;404,8;343,6;2018
LC;3;319,3;417,4;355,09;2018
LC;4;319,7;440,6;367,65;2018
LC;5;320,2;458,6;380,35;2018
LC;6;321,0;477,9;393,22;2018
LC;7;322,1;485;407,12;2018
LC;8;326,3;503,1;421,16;2018
LC;9;329,5;516,5;435,94;2018
LC;10;328,7;531,8;450,68;2018
LC;11;331,5;546;465,67;2018
LC;12;346,9;558,4;480,38;2018
LC;13;353,6;568,2;494,67;2018
LC;14;373,0;574,7;508,22;2018
LC;15;390,6;588,2;520,78;2018
LC;16;411,0;595;532,3;2018
LC;17;421,6;599,1;542,79;2018
LC;18;450,6;608,8;552,5;2018
LC;19;473,5;614;561,47;2018
LC;20;491,7;620;569,81;2018
LC;21;508,2;625,1;577,91;2018
LC;22;501,1;632,7;585,65;2018
LC;23;530,0;639;593,24;2018
LC;24;531,9;648,4;600,83;2018
LC;25;540,0;656,4;608,33;2018
LC;26;557,5;662,9;615,96;2018
LC;27;561,6;671,6;623,59;2018
LC;28;574,5;677,8;631,38;2018
LC;29;577,6;688,8;639,38;2018
LC;30;585,0;694,7;647,79;2018
LC;31;593,6;708,1;656,27;2018
LC;32;600,7;721,2;664,93;2018
LC;33;610,0;723,3;674,23;2018
LC;34;614,1;734,2;683,53;2018
LC;35;626,9;748,3;693,23;2018
LC;36;641,9;760,2;703,49;2018
LC;37;652,1;768,1;715;2018
LC;38;674,0;783,6;726,6;2018
LC;39;699,0;793,1;737,32;2018
LC;40;706,1;810,2;753,64;2018
LC;41;710,3;816,9;768,26;2018
LC;42;774,3;807,7;790,42;2018
LC;43;788,7;789,1;788,9;2018
MT;0;369,4;369,4;369,4;2018
MT;1;369,4;421,6;379,41;2018
MT;2;369,4;464,7;388,15;2018
MT;3;369,4;498;397,5;2018
MT;4;369,5;518,3;407,9;2018
MT;5;369,9;542,7;419,13;2018
MT;6;370,7;564,2;431,72;2018
MT;7;371,1;591,8;445,13;2018
MT;8;371,6;615,8;460,06;2018
MT;9;373,2;641,4;476,75;2018
MT;10;375,3;666,2;495,11;2018
MT;11;377,3;681,6;516,08;2018
MT;12;379,6;695,1;538,72;2018
MT;13;382,5;703,4;563,3;2018
MT;14;386,3;717,2;589,2;2018
MT;15;397,8;722,6;614,72;2018
MT;16;395,7;731,5;638,44;2018
MT;17;416,4;737,5;659,67;2018
MT;18;431,1;750,4;677,52;2018
MT;19;473,6;757,8;692,78;2018
MT;20;483,1;764,2;705,76;2018
MT;21;564,6;772,7;717,28;2018
MT;22;586,5;781,9;728,1;2018
MT;23;620,1;795,1;738,32;2018
MT;24;637,8;801,7;748,58;2018
MT;25;638,6;807;758,91;2018
MT;26;684,3;816,2;769;2018
MT;27;688,3;826,6;779,48;2018
MT;28;694,1;837,1;790,35;2018
MT;29;719,5;846,8;801,27;2018
MT;30;731,1;858,9;812,31;2018
MT;31;733,3;868,1;824,26;2018
MT;32;763,1;880,7;836,33;2018
MT;33;744,5;894,7;848,89;2018
MT;34;793,2;908,8;862,2;2018
MT;35;808,1;918,5;876,28;2018
MT;36;823,3;935,6;890,38;2018
MT;37;827,4;946,4;905,3;2018
MT;38;857,6;961,6;919,39;2018
MT;39;838,6;972,7;935,9;2018
MT;40;905,6;981,6;951,22;2018
MT;41;931,2;988,7;966,41;2018
MT;42;953,6;993;979,05;2018
MT;43;967,0;994,8;988,7;2018
MT;44;996,1;996,1;996,1;2018
CH;0;315,9;315,9;315,9;2019
CH;1;315,9;362,6;325,53;2019
CH;2;315,9;389;335,58;2019
CH;3;315,9;413,3;343,65;2019
CH;4;316,5;431,4;352,19;2019
CH;5;316,8;447,2;361,91;2019
CH;6;316,9;459,6;372,91;2019
CH;7;317,9;469,9;384,53;2019
CH;8;319,2;484,2;397;2019
CH;9;321,1;497,4;410,52;2019
CH;10;323,2;508,1;424,89;2019
CH;11;325,7;519,2;439,69;2019
CH;12;328,9;529,5;455,31;2019
CH;13;329,8;541,5;470,66;2019
CH;14;344,4;552;485,83;2019
CH;15;348,8;559,7;500,21;2019
CH;16;355,7;568,1;513,54;2019
CH;17;386,9;575;525,56;2019
CH;18;397,5;588,8;536,71;2019
CH;19;429,7;589,9;546,73;2019
CH;20;421,2;598,1;556,05;2019
CH;21;481,2;605,1;564,79;2019
CH;22;507,3;611,3;573,12;2019
CH;23;511,1;619,7;581,1;2019
CH;24;537,1;626,2;589,04;2019
CH;25;540,1;633,3;596,87;2019
CH;26;559,2;641,1;604,62;2019
CH;27;568,6;651,2;612,45;2019
CH;28;579,2;656,6;620,28;2019
CH;29;581,6;665,8;628,32;2019
CH;30;597,4;673,8;636,42;2019
CH;31;604,7;680,4;644,72;2019
CH;32;613,8;691,8;653,4;2019
CH;33;621,6;698,8;662,24;2019
CH;34;631,0;714,7;671,4;2019
CH;35;641,9;717;680,99;2019
CH;36;652,1;730,8;690,92;2019
CH;37;660,8;737,4;701,77;2019
CH;38;665,2;752,6;713,15;2019
CH;39;684,3;759,7;725,41;2019
CH;40;700,7;776,6;738,75;2019
CH;41;711,4;790,6;753,26;2019
CH;42;731,5;809,1;773,34;2019
CH;43;749,3;822,7;787,86;2019
CH;44;777,4;835,1;809,82;2019
CN;0;327,9;327,9;327,9;2019
CN;1;327,9;363,9;335,27;2019
CN;2;327,9;390,6;341,74;2019
CN;3;327,9;410,4;349,84;2019
CN;4;327,9;436;358,59;2019
CN;5;327,9;456,5;367,82;2019
CN;6;327,9;479,9;377,75;2019
CN;7;328,7;507,9;388,73;2019
CN;8;328,8;520,4;400,86;2019
CN;9;332,5;544,2;413,96;2019
CN;10;332,0;551,7;428,58;2019
CN;11;336,0;563,5;444,26;2019
CN;12;337,8;568,6;460,9;2019
CN;13;345,4;578,3;477,99;2019
CN;14;344,4;584,8;495,3;2019
CN;15;354,9;595,3;511,92;2019
CN;16;368,5;604,1;527,74;2019
CN;17;376,2;609,4;542,39;2019
CN;18;391,7;622,2;555,88;2019
CN;19;416,0;627,8;568,33;2019
CN;20;436,4;632,4;579,89;2019
CN;21;460,1;640,8;590,85;2019
CN;22;471,8;649,8;601,15;2019
CN;23;513,6;660,4;611,39;2019
CN;24;525,8;671,1;621,15;2019
CN;25;541,4;678,9;630,76;2019
CN;26;561,0;689,7;640,23;2019
CN;27;573,1;700,5;650,03;2019
CN;28;595,9;716,3;659,65;2019
CN;29;596,6;719,7;669,2;2019
CN;30;612,1;728;679,53;2019
CN;31;614,0;740,3;688,92;2019
CN;32;633,1;749,4;698,64;2019
CN;33;656,4;749,2;707,26;2019
CN;34;674,7;767,4;716,21;2019
CN;35;679,2;769,3;725,33;2019
CN;36;690,0;782,2;734,65;2019
CN;37;697,1;791,9;743,63;2019
CN;38;716,6;804,8;752,13;2019
CN;39;720,1;811;763,32;2019
CN;40;739,3;815,9;772,64;2019
CN;41;749,6;834,3;788,78;2019
CN;42;759,3;847,8;805,4;2019
CN;43;780,3;853,5;825,62;2019
CN;44;816,7;860,9;840,55;2019
CN;45;860,9;860,9;860,9;2019
LC;0;322,0;329,5;322,98;2019
LC;1;322,0;365,3;330,05;2019
LC;2;322,0;395,1;340,77;2019
LC;3;322,2;420,3;352,14;2019
LC;4;322,7;439,8;363,09;2019
LC;5;322,9;462,4;374,31;2019
LC;6;322,9;470,9;386,88;2019
LC;7;323,9;486;399,89;2019
LC;8;324,1;492,1;413,79;2019
LC;9;325,2;503,3;427,73;2019
LC;10;326,4;514,7;441,98;2019
LC;11;326,3;524,3;455,79;2019
LC;12;328,6;534,3;468,88;2019
LC;13;330,7;544,1;481,03;2019
LC;14;338,0;548,9;492,37;2019
LC;15;341,6;554,1;502,61;2019
LC;16;355,6;560,3;512,09;2019
LC;17;365,8;567,4;520,91;2019
LC;18;363,3;574;529,07;2019
LC;19;365,3;581,4;536,85;2019
LC;20;414,8;586,7;544,3;2019
LC;21;442,2;592,5;551,4;2019
LC;22;488,8;596,8;558,36;2019
LC;23;503,7;606,4;565,05;2019
LC;24;504,0;613,8;571,66;2019
LC;25;524,0;618,5;578,19;2019
LC;26;529,9;625,3;584,67;2019
LC;27;542,5;631,1;591,14;2019
LC;28;549,2;639;597,58;2019
LC;29;552,7;646,5;604,26;2019
LC;30;562,8;657,7;611;2019
LC;31;572,6;666,1;617,89;2019
LC;32;560,8;673,9;625,03;2019
LC;33;583,4;683;632,42;2019
LC;34;590,9;695,4;640,07;2019
LC;35;599,6;709,3;648,25;2019
LC;36;604,4;723,5;656,67;2019
LC;37;617,5;737,3;666,21;2019
LC;38;627,7;755,3;675,93;2019
LC;39;635,8;770,5;687,97;2019
LC;40;655,1;787,3;701,33;2019
LC;41;676,9;759,2;714,1;2019
LC;42;658,5;801,7;733,81;2019
LC;43;704,3;801,7;753,1;2019
LC;44;801,7;801,7;801,7;2019
MT;0;359,0;359;359;2019
MT;1;359,0;396,6;367,93;2019
MT;2;359,0;436,5;375,62;2019
MT;3;359,0;477,6;384,82;2019
MT;4;359,0;518,4;395,19;2019
MT;5;359,0;544,6;406,3;2019
MT;6;359,1;567,7;418,97;2019
MT;7;359,2;586,4;433,01;2019
MT;8;359,4;610,1;449,12;2019
MT;9;360,1;624;466,84;2019
MT;10;361,0;637,8;486,68;2019
MT;11;361,2;652,6;508,89;2019
MT;12;362,6;667,4;532,68;2019
MT;13;363,9;672,9;557,5;2019
MT;14;364,1;685,4;583,19;2019
MT;15;373,1;693,6;607,5;2019
MT;16;379,1;703,1;629,32;2019
MT;17;388,0;712,7;648,85;2019
MT;18;416,0;723,1;665,55;2019
MT;19;382,0;730,2;679,75;2019
MT;20;491,3;739,2;692,56;2019
MT;21;516,2;750,2;704,03;2019
MT;22;589,5;758,5;715,13;2019
MT;23;594,1;764,1;725,65;2019
MT;24;635,3;775,3;735,8;2019
MT;25;670,1;785,4;746,04;2019
MT;26;680,3;791,4;755,93;2019
MT;27;693,3;808,2;765,76;2019
MT;28;707,4;816,1;776;2019
MT;29;719,1;826,1;786,37;2019
MT;30;733,6;832,3;796,4;2019
MT;31;739,7;842,5;806,8;2019
MT;32;751,6;860,3;817,57;2019
MT;33;770,1;867,8;828,6;2019
MT;34;781,1;877,9;840,14;2019
MT;35;795,0;887,3;851,91;2019
MT;36;811,2;905;864,33;2019
MT;37;826,1;919,9;876,85;2019
MT;38;833,8;929,6;891,58;2019
MT;39;852,0;949,1;906,36;2019
MT;40;868,6;963;922,23;2019
MT;41;884,7;975,2;939,44;2019
MT;42;906,8;984,2;955,83;2019
MT;43;927,3;985;971,34;2019
MT;44;959,7;985,5;982,11;2019
MT;45;985,5;985,5;985,5;2019
CH;0;328,4;328,4;328,4;2020
CH;1;328,4;353,3;336,18;2020
CH;2;328,4;376,9;341,5;2020
CH;3;328,5;399,1;346,75;2020
CH;4;328,7;429,4;353,05;2020
CH;5;329,0;449,2;361,36;2020
CH;6;329,4;471,4;370,57;2020
CH;7;329,6;486,8;381,14;2020
CH;8;330,4;498,5;392,95;2020
CH;9;331,0;514,3;406,31;2020
CH;10;332,4;520,9;421,48;2020
CH;11;332,1;535,6;437,79;2020
CH;12;333,4;544,7;455,14;2020
CH;13;334,7;554,4;472,69;2020
CH;14;340,8;563,2;490,03;2020
CH;15;339,5;576,1;506,96;2020
CH;16;349,8;587,8;522,73;2020
CH;17;353,0;600,1;537,64;2020
CH;18;362,6;605,6;551,23;2020
CH;19;382,8;613,3;564,08;2020
CH;20;416,3;624,4;575,85;2020
CH;21;459,9;631,1;586,64;2020
CH;22;438,2;633,9;596,52;2020
CH;23;498,6;640,5;605,61;2020
CH;24;529,3;647,6;613,99;2020
CH;25;554,4;653,3;621,92;2020
CH;26;568,8;659,6;629,45;2020
CH;27;580,6;665,4;636,6;2020
CH;28;589,7;668,8;643,62;2020
CH;29;602,2;680,4;650,85;2020
CH;30;615,9;686,7;658,08;2020
CH;31;622,6;694,6;665,5;2020
CH;32;628,4;700;673,25;2020
CH;33;635,5;706,5;681,18;2020
CH;34;646,2;718,4;689,54;2020
CH;35;653,8;725;698,35;2020
CH;36;660,0;731,9;707,53;2020
CH;37;675,1;744;717,49;2020
CH;38;684,6;756,2;728,15;2020
CH;39;696,1;767,4;739,98;2020
CH;40;706,7;783,6;752,75;2020
CH;41;725,2;794,3;767,66;2020
CH;42;739,0;809;785,76;2020
CH;43;766,2;823,4;807,18;2020
CH;44;798,0;844;834,7;2020
CH;45;862,6;862,6;862,6;2020
CN;0;332,6;332,6;332,6;2020
CN;1;332,7;359,3;339,1;2020
CN;2;332,7;387;346,78;2020
CN;3;332,8;409,4;353,82;2020
CN;4;332,8;426,4;362,22;2020
CN;5;333,0;446,1;370,95;2020
CN;6;333,3;467,2;381,04;2020
CN;7;333,4;489,5;391,97;2020
CN;8;334,0;510;403,86;2020
CN;9;333,9;525,9;416,88;2020
CN;10;334,7;535,5;431,41;2020
CN;11;336,7;546,7;446,93;2020
CN;12;338,2;560,2;463,56;2020
CN;13;346,8;572,5;480,86;2020
CN;14;350,7;579,9;498,23;2020
CN;15;359,6;590,5;515,51;2020
CN;16;370,6;599,8;531,43;2020
CN;17;379,1;605,1;546,11;2020
CN;18;387,1;614;559,36;2020
CN;19;411,2;623,5;571,37;2020
CN;20;450,9;629,6;582,12;2020
CN;21;474,6;634,1;592,11;2020
CN;22;483,6;641,1;601,18;2020
CN;23;527,6;649,7;609,93;2020
CN;24;527,1;654,1;618,36;2020
CN;25;566,2;666,3;626,48;2020
CN;26;583,6;670,9;634,64;2020
CN;27;591,4;678,9;642,53;2020
CN;28;604,8;686,1;650,96;2020
CN;29;611,5;698,5;659,41;2020
CN;30;626,6;703,7;668,14;2020
CN;31;635,5;710,4;677,14;2020
CN;32;641,2;720,4;686,39;2020
CN;33;649,2;730,8;695,4;2020
CN;34;659,2;741,9;705,5;2020
CN;35;678,9;751,9;715,68;2020
CN;36;687,3;761;726,36;2020
CN;37;697,6;775,3;736,42;2020
CN;38;710,5;781,6;748,36;2020
CN;39;725,5;793,1;760,63;2020
CN;40;738,9;810,7;774,94;2020
CN;41;758,7;834,1;791,45;2020
CN;42;779,2;838,7;806,34;2020
CN;43;800,7;854,8;829,91;2020
LC;0;304,0;314,6;305,62;2020
LC;1;304,0;356,6;311,94;2020
LC;2;304,0;386,5;319,68;2020
LC;3;304,1;406,2;329,11;2020
LC;4;304,2;432;339,35;2020
LC;5;304,2;440,3;349,57;2020
LC;6;305,0;466,9;361,83;2020
LC;7;305,6;473,3;373,31;2020
LC;8;305,6;483,8;386,99;2020
LC;9;307,8;503,2;401,3;2020
LC;10;309,4;513,5;416,31;2020
LC;11;309,2;520,1;431,51;2020
LC;12;312,9;532,9;446,51;2020
LC;13;316,3;540,6;461,6;2020
LC;14;328,7;552,1;475,54;2020
LC;15;323,4;558,7;488,73;2020
LC;16;334,0;567,6;501,46;2020
LC;17;329,8;576,7;513,66;2020
LC;18;370,2;584,8;525,27;2020
LC;19;372,1;595,3;536,12;2020
LC;20;391,2;601,1;546,79;2020
LC;21;425,5;609,7;557,02;2020
LC;22;447,4;618,8;566,97;2020
LC;23;473,9;629,7;576,7;2020
LC;24;467,3;640,8;586,36;2020
LC;25;498,0;647,7;595,63;2020
LC;26;515,0;657,6;604,77;2020
LC;27;539,8;664,8;613,93;2020
LC;28;550,6;677,1;623,07;2020
LC;29;565,1;679,3;632,23;2020
LC;30;564,1;689,5;641,17;2020
LC;31;591,9;701;650,36;2020
LC;32;602,0;710,2;659,53;2020
LC;33;588,3;716,8;668,89;2020
LC;34;624,7;724,8;678,2;2020
LC;35;633,2;740,9;687,95;2020
LC;36;645,1;738,5;698,05;2020
LC;37;662,3;757,1;707,53;2020
LC;38;667,2;769,1;718,73;2020
LC;39;696,2;772,6;729,22;2020
LC;40;705,4;786,5;741,42;2020
LC;41;734,8;787,4;760,8;2020
LC;42;727,2;801,1;766,24;2020
MT;0;327,1;327,1;327,1;2020
MT;1;327,1;371,4;337,28;2020
MT;2;327,1;406,5;346,05;2020
MT;3;327,1;439,3;355,39;2020
MT;4;327,1;471,3;366,61;2020
MT;5;327,3;503,8;378,07;2020
MT;6;327,4;525,8;391,11;2020
MT;7;327,5;547;405,67;2020
MT;8;327,8;568,8;422,11;2020
MT;9;328,6;587,8;440,34;2020
MT;10;329,9;606,5;460,43;2020
MT;11;329,5;618,4;482,49;2020
MT;12;333,2;630,3;506,15;2020
MT;13;335,7;645,7;530,4;2020
MT;14;338,1;650,8;554,34;2020
MT;15;345,1;667;576,65;2020
MT;16;349,5;674,2;597,71;2020
MT;17;359,3;685;615,91;2020
MT;18;371,5;699,1;632,41;2020
MT;19;425,4;705,9;646,97;2020
MT;20;429,7;713,1;660;2020
MT;21;447,1;723,3;672,2;2020
MT;22;533,7;737;683,97;2020
MT;23;582,0;744,6;695,02;2020
MT;24;613,2;751,6;705,64;2020
MT;25;628,0;759,8;716,51;2020
MT;26;659,5;769,8;727,01;2020
MT;27;669,3;780,2;737,53;2020
MT;28;672,1;790,3;747,97;2020
MT;29;684,8;796,4;758,22;2020
MT;30;714,0;806,6;768,84;2020
MT;31;724,8;816,5;779,4;2020
MT;32;740,1;827,7;790,4;2020
MT;33;734,3;838;801,25;2020
MT;34;758,4;849,8;813,16;2020
MT;35;769,8;868,5;825,08;2020
MT;36;795,4;871,2;837,55;2020
MT;37;796,9;887,8;851,04;2020
MT;38;817,0;900,8;864,85;2020
MT;39;840,5;913,1;880,7;2020
MT;40;861,9;927,6;897,54;2020
MT;41;871,8;945,4;915,62;2020
MT;42;902,1;957,3;935,41;2020
MT;43;933,3;966,6;956,26;2020
MT;44;975,0;975;975;2020
CH;0;328,9;328,9;328,9;2021
CH;1;328,9;363,9;335,33;2021
CH;2;329,3;384,9;342,25;2021
CH;3;329,7;402,8;349,75;2021
CH;4;329,9;419,5;357,72;2021
CH;5;330,4;434,6;366,23;2021
CH;6;331,6;447,1;375,99;2021
CH;7;332,9;464,3;386,77;2021
CH;8;333,7;480,2;398,65;2021
CH;9;336,0;495,7;411,74;2021
CH;10;338,9;515,2;426,25;2021
CH;11;341,3;524,2;441,85;2021
CH;12;341,4;533,2;458,69;2021
CH;13;349,5;543,8;475,56;2021
CH;14;353,3;552;492,48;2021
CH;15;365,0;561,6;508,51;2021
CH;16;381,3;572,5;523,07;2021
CH;17;388,8;580,4;536,15;2021
CH;18;392,3;584,6;547,52;2021
CH;19;453,2;594,5;558,06;2021
CH;20;480,1;600,7;567,34;2021
CH;21;485,4;607,5;576;2021
CH;22;513,2;614,2;584,32;2021
CH;23;517,9;623,3;592,17;2021
CH;24;544,5;631,2;599,78;2021
CH;25;562,5;637,1;607,19;2021
CH;26;571,4;640,1;614,55;2021
CH;27;577,7;647,7;621,89;2021
CH;28;585,3;654,9;629,22;2021
CH;29;591,7;662,5;636,64;2021
CH;30;609,0;671,3;644,14;2021
CH;31;613,6;680,4;651,85;2021
CH;32;627,7;688;659,81;2021
CH;33;629,2;696,2;668,08;2021
CH;34;646,0;706,2;676,66;2021
CH;35;652,4;715,7;685,83;2021
CH;36;656,9;723,9;695,35;2021
CH;37;672,9;734,1;705,77;2021
CH;38;677,9;745,3;716,92;2021
CH;39;687,0;757;729,28;2021
CH;40;705,1;772,6;742,68;2021
CH;41;719,9;786,5;757,72;2021
CH;42;737,2;802,7;774,96;2021
CH;43;754,7;819,1;795,55;2021
CH;44;789,5;832,5;819,17;2021
CH;45;846,9;846,9;846,9;2021
CN;0;339,7;339,7;339,7;2021
CN;1;339,7;377;348,29;2021
CN;2;339,7;409,2;353,11;2021
CN;3;339,8;434,9;361,58;2021
CN;4;339,9;451,5;370,04;2021
CN;5;340,2;464,3;378,31;2021
CN;6;340,4;482,8;387,67;2021
CN;7;340,8;499,5;397,99;2021
CN;8;341,6;514,8;408,93;2021
CN;9;342,5;536,7;420,78;2021
CN;10;342,8;549,9;433,8;2021
CN;11;343,6;565,1;447,58;2021
CN;12;347,6;577,6;462,78;2021
CN;13;347,5;581,8;479,32;2021
CN;14;346,5;591,2;496,6;2021
CN;15;357,6;601,6;514,47;2021
CN;16;359,8;608,9;532,21;2021
CN;17;376,9;616,8;548,96;2021
CN;18;375,6;627,7;564,49;2021
CN;19;392,4;634,9;578,81;2021
CN;20;425,3;641;591,32;2021
CN;21;401,4;647,5;602,78;2021
CN;22;456,4;654,8;613,2;2021
CN;23;515,7;661,3;622,97;2021
CN;24;511,7;668,8;632,29;2021
CN;25;545,4;677,6;641,21;2021
CN;26;580,2;683,5;650,03;2021
CN;27;602,1;691,6;658,42;2021
CN;28;607,9;701,5;666,95;2021
CN;29;630,0;706,4;675,04;2021
CN;30;626,0;717,7;683,55;2021
CN;31;641,0;726,9;691,94;2021
CN;32;659,9;732,7;700,25;2021
CN;33;663,4;741,9;708,5;2021
CN;34;680,1;753,6;716,84;2021
CN;35;678,3;760;725,95;2021
CN;36;697,4;773,3;734,99;2021
CN;37;702,9;784,1;744,63;2021
CN;38;717,0;792,1;755,09;2021
CN;39;728,5;803,6;765,87;2021
CN;40;742,8;828,5;778,34;2021
CN;41;756,4;839;790,85;2021
CN;42;771,0;848,7;806,11;2021
CN;43;791,3;858,8;828,62;2021
CN;44;826,8;867,1;850,59;2021
CN;45;867,1;867,1;867,1;2021
LC;0;298,0;304,2;300,27;2021
LC;1;298,0;346,9;308,32;2021
LC;2;298,0;370,4;318,3;2021
LC;3;298,0;401,4;328,42;2021
LC;4;298,5;414,7;338,46;2021
LC;5;299,0;429,5;349,64;2021
LC;6;299,7;446,6;360,79;2021
LC;7;302,2;465;373,27;2021
LC;8;303,3;476;386,36;2021
LC;9;305,2;493;400,54;2021
LC;10;305,5;503,4;415,09;2021
LC;11;306,9;519,3;430,11;2021
LC;12;317,3;531,3;444,99;2021
LC;13;319,7;550,6;460,25;2021
LC;14;329,4;550,1;474,71;2021
LC;15;341,5;557,6;488,54;2021
LC;16;360,9;568,3;501,28;2021
LC;17;371,4;575,8;513,48;2021
LC;18;363,2;583,9;524,6;2021
LC;19;422,3;592,8;535,26;2021
LC;20;441,1;600,8;545,27;2021
LC;21;445,9;609,9;554,9;2021
LC;22;478,7;612,1;563,94;2021
LC;23;496,1;620,5;573,02;2021
LC;24;507,6;630,8;581,8;2021
LC;25;516,5;635,6;590,39;2021
LC;26;523,3;645,8;599,08;2021
LC;27;539,9;651,4;607,98;2021
LC;28;546,9;665,2;616,83;2021
LC;29;557,4;676,8;625,7;2021
LC;30;565,4;679;634,62;2021
LC;31;584,0;699,5;644,15;2021
LC;32;588,1;711,4;653,9;2021
LC;33;592,7;717,6;664,18;2021
LC;34;619,4;729,6;674,81;2021
LC;35;625,6;734,5;685,74;2021
LC;36;642,4;758,8;697,04;2021
LC;37;650,1;777;709,41;2021
LC;38;668,4;781,6;723,98;2021
LC;39;655,2;794,2;735,2;2021
LC;40;698,6;808;752,13;2021
LC;41;710,0;826,1;765,09;2021
LC;42;744,0;790,3;773,74;2021
LC;43;786,1;820,5;810,08;2021
MT;0;353,8;353,8;353,8;2021
MT;1;353,8;384,2;362,18;2021
MT;2;354,0;414,9;370,54;2021
MT;3;354,6;444,4;378,89;2021
MT;4;354,9;470,1;388,8;2021
MT;5;356,3;495,4;399,79;2021
MT;6;357,1;512,5;411,96;2021
MT;7;359,0;533,7;425,87;2021
MT;8;359,6;553,2;441,55;2021
MT;9;362,9;573,2;459,47;2021
MT;10;364,4;597,4;479,59;2021
MT;11;369,4;613,8;501,97;2021
MT;12;375,5;631,2;525,74;2021
MT;13;387,4;644;550,11;2021
MT;14;394,3;651,6;573,48;2021
MT;15;395,4;664,7;595,38;2021
MT;16;433,5;674,2;614,52;2021
MT;17;462,9;682,5;631,1;2021
MT;18;512,5;689,4;645,52;2021
MT;19;492,4;698;658,08;2021
MT;20;576,0;706,5;669,41;2021
MT;21;605,4;715,8;679,97;2021
MT;22;598,4;722,6;689,99;2021
MT;23;645,9;732,7;699,43;2021
MT;24;656,4;741,6;708,59;2021
MT;25;664,1;750;717,8;2021
MT;26;683,0;756,8;726,63;2021
MT;27;689,2;766,1;735,49;2021
MT;28;698,3;775,6;744,35;2021
MT;29;715,1;785,1;753,23;2021
MT;30;725,8;791,2;762,4;2021
MT;31;732,7;800,4;771,56;2021
MT;32;743,5;809,9;781,27;2021
MT;33;752,8;821,9;791,08;2021
MT;34;762,1;830,2;801,38;2021
MT;35;775,8;841,7;812,49;2021
MT;36;787,1;856,1;824,13;2021
MT;37;789,8;869,6;836,74;2021
MT;38;814,8;882,1;850,37;2021
MT;39;826,5;898,3;865,24;2021
MT;40;838,2;913,2;881,74;2021
MT;41;857,5;930,6;899,69;2021
MT;42;874,3;944,1;919,65;2021
MT;43;908,1;948,8;936,87;2021
MT;44;953,1;953,1;953,1;2021
CH;0;305,1;305,1;305,1;2022
CH;1;305,1;352,5;316,53;2022
CH;2;305,1;382,5;326,81;2022
CH;3;305,2;409,1;334,59;2022
CH;4;305,6;430,7;343,58;2022
CH;5;306,0;444,9;354,61;2022
CH;6;306,4;453,6;366,35;2022
CH;7;306,6;466,4;380,42;2022
CH;8;307,4;482,5;394,69;2022
CH;9;308,7;491,5;410,27;2022
CH;10;310,2;504;425,99;2022
CH;11;310,1;513,7;441,94;2022
CH;12;318,5;525,2;457,18;2022
CH;13;318,1;534;471,74;2022
CH;14;328,3;543,8;485,36;2022
CH;15;346,3;554,8;498,41;2022
CH;16;342,1;562,2;510,67;2022
CH;17;366,1;570,3;522,24;2022
CH;18;386,5;581,9;533,02;2022
CH;19;397,8;590;543,34;2022
CH;20;434,1;598;553,18;2022
CH;21;463,4;608,2;562,54;2022
CH;22;486,5;615,9;571,39;2022
CH;23;500,7;625,9;580,08;2022
CH;24;526,5;632,4;588,51;2022
CH;25;542,1;640,2;596,65;2022
CH;26;547,9;644,9;605,01;2022
CH;27;562,8;651,6;613,09;2022
CH;28;572,3;660,6;621,26;2022
CH;29;578,0;666,5;629,53;2022
CH;30;583,7;675;637,83;2022
CH;31;595,9;683,3;646,43;2022
CH;32;605,5;694,2;655,07;2022
CH;33;616,6;703,2;664,13;2022
CH;34;623,4;713;673,41;2022
CH;35;631,9;722,9;683,04;2022
CH;36;639,3;737,7;693,29;2022
CH;37;653,3;750,4;703,93;2022
CH;38;664,0;764,1;715,2;2022
CH;39;668,8;781;727,63;2022
CH;40;687,4;793,4;741,12;2022
CH;41;687,8;807;756,83;2022
CH;42;724,3;817,7;776,38;2022
CH;43;755,4;829,1;795,54;2022
CH;44;769,4;839,2;811,78;2022
CH;45;839,2;839,2;839,2;2022
CN;0;360,6;360,6;360,6;2022
CN;1;360,6;399,8;368,42;2022
CN;2;360,6;417,2;373,68;2022
CN;3;360,6;438,9;380,81;2022
CN;4;360,6;459,3;388,73;2022
CN;5;360,7;481,7;397,87;2022
CN;6;361,0;493,2;407,54;2022
CN;7;361,5;523,5;418,23;2022
CN;8;361,8;545,5;430,08;2022
CN;9;362,6;556,6;443,25;2022
CN;10;363,3;582,1;457,51;2022
CN;11;367,2;591,2;473,17;2022
CN;12;369,0;598,4;489,9;2022
CN;13;373,4;611,5;507,16;2022
CN;14;372,3;620,6;525,03;2022
CN;15;386,2;629,5;542,52;2022
CN;16;399,4;641,1;559,52;2022
CN;17;416,0;651,3;575,63;2022
CN;18;422,8;657,5;590,46;2022
CN;19;436,2;663,9;604,45;2022
CN;20;471,1;673,8;617,22;2022
CN;21;506,5;681,1;628,79;2022
CN;22;536,7;689,8;639,63;2022
CN;23;562,7;693,3;649,81;2022
CN;24;586,8;699,6;659,13;2022
CN;25;599,3;709,3;667,89;2022
CN;26;604,3;719,3;676,78;2022
CN;27;624,1;727,1;684,6;2022
CN;28;613,6;728,3;692,98;2022
CN;29;646,1;737,3;700,64;2022
CN;30;644,2;746,2;708,93;2022
CN;31;664,9;753,1;716,9;2022
CN;32;672,8;758,7;725,14;2022
CN;33;686,7;771,2;733,41;2022
CN;34;691,4;777,9;742,06;2022
CN;35;699,5;795,7;750,45;2022
CN;36;715,2;803,3;760,54;2022
CN;37;724,1;825,7;769,19;2022
CN;38;728,3;825,7;779,04;2022
CN;39;742,8;857,4;790,84;2022
CN;40;751,3;844,9;802,33;2022
CN;41;772,3;868,7;816,51;2022
CN;42;777,7;868,7;825,88;2022
CN;43;838,7;875,3;857,28;2022
CN;44;868,7;868,7;868,7;2022
CN;45;875,3;875,3;875,3;2022
LC;0;270,6;280,7;275,44;2022
LC;1;270,6;320,9;283,88;2022
LC;2;270,6;349,3;293,38;2022
LC;3;270,9;365,8;304,95;2022
LC;4;271,1;391,8;316,43;2022
LC;5;271,3;404,2;328,85;2022
LC;6;273,3;421;341,16;2022
LC;7;273,8;434,9;354,26;2022
LC;8;273,1;450,2;367,51;2022
LC;9;275,5;459,2;381,89;2022
LC;10;280,0;471,4;396,51;2022
LC;11;284,5;481,9;411,52;2022
LC;12;282,6;492,5;426,46;2022
LC;13;302,3;503,5;440,92;2022
LC;14;308,9;513,4;454,85;2022
LC;15;326,0;526,8;467,93;2022
LC;16;316,3;533,5;480,62;2022
LC;17;351,9;542,3;492,29;2022
LC;18;350,6;552,5;503,23;2022
LC;19;396,0;559,7;513,73;2022
LC;20;405,2;568,6;523,6;2022
LC;21;439,0;578,7;533,21;2022
LC;22;450,8;582,6;542,42;2022
LC;23;472,6;593;551,4;2022
LC;24;490,9;599,3;560,29;2022
LC;25;501,1;614,3;568,94;2022
LC;26;515,6;620,3;577,64;2022
LC;27;524,7;632,1;586,29;2022
LC;28;537,1;642,1;594,93;2022
LC;29;543,0;646,2;603,78;2022
LC;30;553,0;654,7;612,73;2022
LC;31;560,6;666,1;621,77;2022
LC;32;574,8;677,4;631,12;2022
LC;33;578,9;688,5;640,75;2022
LC;34;597,0;698;650,74;2022
LC;35;602,4;708,4;661;2022
LC;36;624,8;721,8;672,13;2022
LC;37;631,1;730,3;683,41;2022
LC;38;653,3;742,9;695,34;2022
LC;39;664,7;754,5;708,15;2022
LC;40;676,1;761,2;721,49;2022
LC;41;707,7;778,5;738,98;2022
LC;42;731,3;789,2;754,48;2022
LC;43;747,9;797;768,11;2022
LC;44;785,2;801;793,1;2022
MT;0;336,8;336,8;336,8;2022
MT;1;336,8;384,4;345,06;2022
MT;2;336,8;411,4;354,2;2022
MT;3;336,9;441,6;364,94;2022
MT;4;336,9;481,5;375,48;2022
MT;5;337,0;526,3;387,83;2022
MT;6;337,1;557,9;401,41;2022
MT;7;337,1;582,2;417,05;2022
MT;8;337,9;602,7;435,03;2022
MT;9;337,9;623,3;454,7;2022
MT;10;339,1;640,2;476,81;2022
MT;11;338,9;659,1;500,08;2022
MT;12;346,5;670;524,62;2022
MT;13;352,3;681,8;549,74;2022
MT;14;358,5;695,3;574,6;2022
MT;15;361,6;707,8;598,51;2022
MT;16;378,5;716,8;621,28;2022
MT;17;389,0;729;642,7;2022
MT;18;402,8;744,1;662,41;2022
MT;19;437,2;751,2;680,5;2022
MT;20;428,6;767,5;697,15;2022
MT;21;466,4;782,4;712,54;2022
MT;22;508,3;798,1;727,05;2022
MT;23;482,8;807,5;740,99;2022
MT;24;508,3;820;754,03;2022
MT;25;551,1;834,3;767,03;2022
MT;26;618,7;841,4;779,51;2022
MT;27;679,4;853,3;791,64;2022
MT;28;722,7;859,7;803,57;2022
MT;29;735,3;870,1;815,11;2022
MT;30;759,1;878,5;826,17;2022
MT;31;773,0;885,7;837,13;2022
MT;32;770,8;898,3;847,81;2022
MT;33;799,7;907,5;859,53;2022
MT;34;806,8;925,3;870,98;2022
MT;35;818,8;931,5;882,63;2022
MT;36;837,7;944,4;895,25;2022
MT;37;848,4;955,8;908,92;2022
MT;38;848,9;967,4;921,63;2022
MT;39;880,6;973,3;936,23;2022
MT;40;888,5;978;947,92;2022
MT;41;896,3;981,3;960,23;2022
MT;42;936,8;983,9;968,74;2022
MT;43;958,1;985,7;978,33;2022
MT;44;985,7;985,7;985,7;2022
MT;0;;;;2023
MT;1;328,2;336,3;369,6;2023
MT;2;328,2;343,3;399,4;2023
MT;3;328,2;350,7;431,1;2023
MT;4;328,2;359,7;455;2023
MT;5;328,5;370,3;483,2;2023
MT;6;328,6;382;505,4;2023
MT;7;328,8;395,5;524,8;2023
MT;8;329,2;410,6;545;2023
MT;9;330,4;428,1;562,7;2023
MT;10;331,1;447,8;582,9;2023
MT;11;332,0;469,3;596,4;2023
MT;12;332,0;492,8;616;2023
MT;13;332,2;517,2;633,1;2023
MT;14;341,1;541,9;643,6;2023
MT;15;343,3;565,5;656,7;2023
MT;16;349,2;588;666,7;2023
MT;17;362,6;608;678,9;2023
MT;18;382,9;626,1;687,7;2023
MT;19;388,5;642,6;698,5;2023
MT;20;449,4;656,9;709;2023
MT;21;446,8;670,1;715,7;2023
MT;22;531,5;682,1;724,1;2023
MT;23;573,9;693,7;734,9;2023
MT;24;621,7;704,5;740,5;2023
MT;25;640,3;714,8;749,9;2023
MT;26;642,0;724,9;757,9;2023
MT;27;666,4;734,7;768,3;2023
MT;28;689,4;744,7;776,2;2023
MT;29;696,0;754,6;786;2023
MT;30;708,8;764,7;796,2;2023
MT;31;726,6;775,2;809,9;2023
MT;32;730,1;785,6;818,8;2023
MT;33;753,7;796,8;828,7;2023
MT;34;767,2;808;837,6;2023
MT;35;782,3;819,7;852,5;2023
MT;36;794,7;831,7;865,4;2023
MT;37;801,9;845;882,7;2023
MT;38;821,3;858,8;891,6;2023
MT;39;833,4;873,7;909,5;2023
MT;40;854,1;890,2;923,1;2023
MT;41;870,5;907,9;935,8;2023
MT;42;891,9;927,6;947,8;2023
MT;43;917,8;945,7;958,6;2023
MT;44;958,6;958,6;958,6;2023
MT;45;958,6;958,6;958,6;2023
CN;1;323,3;338,3;374;2023
CN;2;323,3;351,3;410,3;2023
CN;3;323,4;364;440,9;2023
CN;4;323,4;376,4;464,9;2023
CN;5;323,4;388,8;492,8;2023
CN;6;323,5;401;512,4;2023
CN;7;323,5;414,3;527,3;2023
CN;8;323,8;427,9;539,4;2023
CN;9;324,0;442,8;550,6;2023
CN;10;324,3;458,5;562,7;2023
CN;11;324,8;474,9;575,9;2023
CN;12;325,0;491,9;588,7;2023
CN;13;327,3;509,4;598,1;2023
CN;14;330,3;526,9;606,7;2023
CN;15;327,6;544,1;613,8;2023
CN;16;338,3;560,7;621,1;2023
CN;17;339,1;576,2;628,3;2023
CN;18;366,0;590,3;640,1;2023
CN;19;363,6;603;646,4;2023
CN;20;419,7;614,3;655,9;2023
CN;21;463,7;624,4;659,8;2023
CN;22;479,0;633,5;668,9;2023
CN;23;504,6;641,9;672,6;2023
CN;24;590,0;649,8;681,2;2023
CN;25;600,2;657,5;687,2;2023
CN;26;624,6;664,7;692,5;2023
CN;27;634,0;671,8;699,6;2023
CN;28;643,7;679,1;704,2;2023
CN;29;649,6;686;714;2023
CN;30;661,1;693,2;721,3;2023
CN;31;667,5;700,3;727,7;2023
CN;32;670,5;707,6;731,6;2023
CN;33;686,3;715,3;742,7;2023
CN;34;692,5;722,9;750,8;2023
CN;35;700,0;731,1;761,2;2023
CN;36;711,4;739,3;766,1;2023
CN;37;719,4;748;778,3;2023
CN;38;725,4;757,4;791,4;2023
CN;39;738,3;767,3;798,1;2023
CN;40;747,2;778;809;2023
CN;41;763,0;790,8;816,5;2023
CN;42;772,1;805,4;833,5;2023
CN;43;783,4;823,9;844,3;2023
CN;44;806,1;845,2;856,7;2023
CN;45;868,4;868,4;868,4;2023
CH;1;293,6;301;336,5;2023
CH;2;293,7;308,6;368,4;2023
CH;3;293,8;316,3;380,7;2023
CH;4;294,0;324,8;402,6;2023
CH;5;294,7;333,3;409,8;2023
CH;6;294,8;342,6;426,2;2023
CH;7;295,2;353,2;437,2;2023
CH;8;296,4;365;448,6;2023
CH;9;296,4;377,6;460,7;2023
CH;10;298,6;391,4;472,9;2023
CH;11;300,2;405,6;483,9;2023
CH;12;306,7;420,6;493,1;2023
CH;13;313,9;435,5;507,2;2023
CH;14;311,7;449,8;509,7;2023
CH;15;320,0;463,7;521,2;2023
CH;16;313,8;476,7;532,4;2023
CH;17;343,1;488,8;538,5;2023
CH;18;340,4;500;544,1;2023
CH;19;380,2;510,3;558,5;2023
CH;20;391,6;520;563,9;2023
CH;21;397,0;529,2;571,6;2023
CH;22;446,2;537,7;583;2023
CH;23;462,3;546;588,6;2023
CH;24;479,3;553,9;594,2;2023
CH;25;501,1;561,6;601,9;2023
CH;26;516,4;569,3;609,2;2023
CH;27;527,5;576,8;617,8;2023
CH;28;539,4;584,2;624,7;2023
CH;29;545,5;591,7;631,9;2023
CH;30;553,8;599,5;644,5;2023
CH;31;564,8;607,4;651;2023
CH;32;572,5;615,3;656,4;2023
CH;33;577,3;624;665,1;2023
CH;34;587,4;632,9;674,2;2023
CH;35;595,1;642,4;684,3;2023
CH;36;602,9;652,8;695,2;2023
CH;37;611,9;663,9;703,1;2023
CH;38;620,3;676;716,5;2023
CH;39;630,8;689,2;730,4;2023
CH;40;647,5;704,1;743,4;2023
CH;41;664,9;720,9;757;2023
CH;42;679,2;740,2;772,6;2023
CH;43;706,8;762,8;788;2023
CH;44;743,1;791,4;805,1;2023
CH;45;823,0;823;823;2023
LC;1;287,2;294,8;346,1;2023
LC;2;287,6;303,2;367,3;2023
LC;3;288,0;313,2;384,2;2023
LC;4;288,2;321,4;392,8;2023
LC;5;288,7;332,5;408,3;2023
LC;6;289,8;344,3;419,5;2023
LC;7;290,9;356,9;431,8;2023
LC;8;290,9;369,9;442,2;2023
LC;9;294,2;383,8;450,7;2023
LC;10;295,4;398;459,9;2023
LC;11;296,7;411,9;471,8;2023
LC;12;302,5;426;481,6;2023
LC;13;302,6;439,1;490,4;2023
LC;14;308,1;452;503,9;2023
LC;15;318,8;463,7;511,5;2023
LC;16;323,1;475,2;520,7;2023
LC;17;324,2;485,8;530;2023
LC;18;366,7;495,8;536,9;2023
LC;19;366,5;505,2;548,1;2023
LC;20;406,9;514,1;555,7;2023
LC;21;399,4;522,8;560,3;2023
LC;22;453,2;531;569,4;2023
LC;23;469,9;539,1;578,6;2023
LC;24;481,8;547,1;580,9;2023
LC;25;496,1;555;588,7;2023
LC;26;506,0;562,9;598;2023
LC;27;514,2;570,8;605,7;2023
LC;28;531,3;578,9;612,6;2023
LC;29;540,5;587;619,2;2023
LC;30;547,2;595,3;628;2023
LC;31;550,4;603,8;636,1;2023
LC;32;567,8;612,7;642,1;2023
LC;33;571,7;622;651,9;2023
LC;34;582,0;631,6;659,5;2023
LC;35;592,8;641,9;670,3;2023
LC;36;599,0;652,8;679,6;2023
LC;37;615,8;664,3;690,2;2023
LC;38;628,8;676,8;704,5;2023
LC;39;640,8;690,2;717;2023
LC;40;652,8;704,8;735,5;2023
LC;41;688,6;721;749,2;2023
LC;42;703,4;738,5;767,9;2023
LC;43;731,8;758,9;783,3;2023
LC;44;768,9;788,3;803,1;2023
LC;45;820,8;820 8;820,8;2023